"cntry_key","year","percent"
"BLZ",1998,14.31158362
"BLZ",2005,11.03360926
"BLZ",2006,9.39716319999999
"BLZ",2007,8.50367894999999
"BLZ",2008,8.18619577
"BLZ",2003,6.57334448420001
"BLZ",2004,6.36072098290001
"BLZ",2009,5.20883657749999
"BLZ",2010,4.94827796440001
